id,record,timestamp
0,eyJvYmplY3RfaWQiOiI1NTBlODQwMC1lMjliLTQxZDQtYTcxNi00NDY2NTU0NDAwMDEiLCJhY3Rpb24iOm51bGwsInR5cGUiOiJTIiwiZGlhbWV0ZXIiOjEyNS40LCJnZW9tZXRyeSI6IkxJTkVTVFJJTkcgKDMyNDUwIDIxNzgwLCAzMzcyMCAyMjkxMCkifQ==,2026-08-12 17:35:06.403504
1,eyJvYmplY3RfaWQiOiI1NTBlODQwMC1lMjliLTQxZDQtYTcxNi00NDY2NTU0NDAwMDIiLCJhY3Rpb24iOm51bGwsInR5cGUiOiJXIiwiZGlhbWV0ZXIiOjQ4Mi43LCJnZW9tZXRyeSI6IkxJTkVTVFJJTkcgKDQwMTIwIDMxODQwLCA0MTQ1MCAzMjY3MCwgNDI4MTAgMzE5MjApIn0=,2026-08-12 17:35:06.403555
2,eyJvYmplY3RfaWQiOiI1NTBlODQwMC1lMjliLTQxZDQtYTcxNi00NDY2NTU0NDAwMDMiLCJhY3Rpb24iOiJERUxFVEUiLCJ0eXBlIjpudWxsLCJkaWFtZXRlciI6bnVsbCwiZ2VvbWV0cnkiOm51bGx9,2026-08-12 17:35:06.403574
3,eyJvYmplY3RfaWQiOiI1NTBlODQwMC1lMjliLTQxZDQtYTcxNi00NDY2NTU0NDAwMDQiLCJhY3Rpb24iOm51bGwsInR5cGUiOiJHIiwiZGlhbWV0ZXIiOjc2LjIsImdlb21ldHJ5IjoiTVVMVElMSU5FU1RSSU5HICgoMzY3ODAgMjg0MjAsIDM3NDUwIDI5MTEwKSwgKDM4MjIwIDI5NjgwLCAzOTE0MCAzMDMyMCkpIn0=,2026-08-12 17:35:06.403627
4,eyJvYmplY3RfaWQiOiI1NTBlODQwMC1lMjliLTQxZDQtYTcxNi00NDY2NTU0NDAwMDUiLCJhY3Rpb24iOm51bGwsInR5cGUiOiJFIiwiZGlhbWV0ZXIiOjkxMy42LCJnZW9tZXRyeSI6IkxJTkVTVFJJTkcgKDQ1MjEwIDM2MTIwLCA0NjM4MCAzNjk0MCkifQ==,2026-08-12 17:35:06.403652
5,eyJvYmplY3RfaWQiOiI1NTBlODQwMC1lMjliLTQxZDQtYTcxNi00NDY2NTU0NDAwMDYiLCJhY3Rpb24iOm51bGwsInR5cGUiOiJUIiwiZGlhbWV0ZXIiOjI0MS44LCJnZW9tZXRyeSI6IkxJTkVTVFJJTkcgKDMxNTYwIDM5NDIwLCAzMjc4MCAzODIxMCwgMzM5NDAgMzg4NjApIn0=,2026-08-12 17:35:06.403668
6,eyJvYmplY3RfaWQiOiI1NTBlODQwMC1lMjliLTQxZDQtYTcxNi00NDY2NTU0NDAwMDciLCJhY3Rpb24iOm51bGwsInR5cGUiOiJTIiwiZGlhbWV0ZXIiOjYwNC4zLCJnZW9tZXRyeSI6IkxJTkVTVFJJTkcgKDQ4MjEwIDIxMzQwLCA0NzA4MCAyMjQ5MCkifQ==,2026-08-12 17:35:06.403695
7,eyJvYmplY3RfaWQiOiI1NTBlODQwMC1lMjliLTQxZDQtYTcxNi00NDY2NTU0NDAwMDgiLCJhY3Rpb24iOiJERUxFVEUiLCJ0eXBlIjpudWxsLCJkaWFtZXRlciI6bnVsbCwiZ2VvbWV0cnkiOm51bGx9,2026-08-12 17:35:06.403727
8,eyJvYmplY3RfaWQiOiI1NTBlODQwMC1lMjliLTQxZDQtYTcxNi00NDY2NTU0NDAwMDkiLCJhY3Rpb24iOm51bGwsInR5cGUiOiJXIiwiZGlhbWV0ZXIiOjMzOC45LCJnZW9tZXRyeSI6Ik1VTFRJTElORVNUUklORyAoKDM0MTIwIDI1MTQwLCAzNDk4MCAyNjAyMCksICgzNTU2MCAyNjcxMCwgMzY0MzAgMjc0ODApKSJ9,2026-08-12 17:35:06.403783
9,eyJvYmplY3RfaWQiOiI1NTBlODQwMC1lMjliLTQxZDQtYTcxNi00NDY2NTU0NDAwMTAiLCJhY3Rpb24iOm51bGwsInR5cGUiOiJHIiwiZGlhbWV0ZXIiOjE4LjUsImdlb21ldHJ5IjoiTElORVNUUklORyAoNDI4NDAgMzM3MjAsIDQzNjEwIDM0NTkwKSJ9,2026-08-12 17:35:06.403814
10,eyJvYmplY3RfaWQiOiI1NTBlODQwMC1lMjliLTQxZDQtYTcxNi00NDY2NTU0NDAwMDEiLCJhY3Rpb24iOm51bGwsInR5cGUiOiJFIiwiZGlhbWV0ZXIiOjcyMS40LCJnZW9tZXRyeSI6IkxJTkVTVFJJTkcgKDM4OTIwIDIwNTYwLCAzOTc4MCAyMTg0MCwgNDA2MjAgMjEyMzApIn0=,2026-08-12 17:35:06.403838
11,eyJvYmplY3RfaWQiOiI1NTBlODQwMC1lMjliLTQxZDQtYTcxNi00NDY2NTU0NDAwMDIiLCJhY3Rpb24iOm51bGwsInR5cGUiOiJUIiwiZGlhbWV0ZXIiOjQ1Ni4xLCJnZW9tZXRyeSI6IkxJTkVTVFJJTkcgKDQ2MzIwIDI5ODcwLCA0NzQxMCAzMDYyMCkifQ==,2026-08-12 17:35:06.403861
12,eyJvYmplY3RfaWQiOiI1NTBlODQwMC1lMjliLTQxZDQtYTcxNi00NDY2NTU0NDAwMDMiLCJhY3Rpb24iOm51bGwsInR5cGUiOiJTIiwiZGlhbWV0ZXIiOjg3LjMsImdlb21ldHJ5IjoiTVVMVElMSU5FU1RSSU5HICgoMzAyNDAgMjI4MTAsIDMxMTYwIDIzNjQwKSwgKDMxODIwIDI0MjkwLCAzMjY1MCAyNTAzMCkpIn0=,2026-08-12 17:35:06.403930
13,eyJvYmplY3RfaWQiOiI1NTBlODQwMC1lMjliLTQxZDQtYTcxNi00NDY2NTU0NDAwMDQiLCJhY3Rpb24iOiJERUxFVEUiLCJ0eXBlIjpudWxsLCJkaWFtZXRlciI6bnVsbCwiZ2VvbWV0cnkiOm51bGx9,2026-08-12 17:35:06.404037
14,eyJvYmplY3RfaWQiOiI1NTBlODQwMC1lMjliLTQxZDQtYTcxNi00NDY2NTU0NDAwMDUiLCJhY3Rpb24iOm51bGwsInR5cGUiOiJXIiwiZGlhbWV0ZXIiOjU2Ny44LCJnZW9tZXRyeSI6IkxJTkVTVFJJTkcgKDM3NTQwIDM3MjEwLCAzODYyMCAzNjE4MCwgMzk3NTAgMzY5MjApIn0=,2026-08-12 17:35:06.404065
15,eyJvYmplY3RfaWQiOiI1NTBlODQwMC1lMjliLTQxZDQtYTcxNi00NDY2NTU0NDAwMDYiLCJhY3Rpb24iOm51bGwsInR5cGUiOiJHIiwiZGlhbWV0ZXIiOjI5NC42LCJnZW9tZXRyeSI6IkxJTkVTVFJJTkcgKDQ0MjEwIDI0NjgwLCA0NTM0MCAyNTQyMCkifQ==,2026-08-12 17:35:06.404089
16,eyJvYmplY3RfaWQiOiI1NTBlODQwMC1lMjliLTQxZDQtYTcxNi00NDY2NTU0NDAwMDciLCJhY3Rpb24iOm51bGwsInR5cGUiOiJFIiwiZGlhbWV0ZXIiOjgwNS4yLCJnZW9tZXRyeSI6Ik1VTFRJTElORVNUUklORyAoKDQxNDgwIDM4NDIwLCA0MjUxMCAzNzU2MCksICg0MzEyMCAzNjg5MCwgNDQwMzAgMzc0MjApKSJ9,2026-08-12 17:35:06.404115
17,eyJvYmplY3RfaWQiOiI1NTBlODQwMC1lMjliLTQxZDQtYTcxNi00NDY2NTU0NDAwMDgiLCJhY3Rpb24iOm51bGwsInR5cGUiOiJUIiwiZGlhbWV0ZXIiOjE1My43LCJnZW9tZXRyeSI6IkxJTkVTVFJJTkcgKDMzMjEwIDMwNTQwLCAzNDQ4MCAzMTI4MCkifQ==,2026-08-12 17:35:06.404136
18,eyJvYmplY3RfaWQiOiI1NTBlODQwMC1lMjliLTQxZDQtYTcxNi00NDY2NTU0NDAwMDkiLCJhY3Rpb24iOm51bGwsInR5cGUiOiJTIiwiZGlhbWV0ZXIiOjY3Mi45LCJnZW9tZXRyeSI6IkxJTkVTVFJJTkcgKDQ3MDIwIDMzMTQwLCA0ODE1MCAzNDAyMCwgNDkyMTAgMzM0ODApIn0=,2026-08-12 17:35:06.404154
19,eyJvYmplY3RfaWQiOiI1NTBlODQwMC1lMjliLTQxZDQtYTcxNi00NDY2NTU0NDAwMTAiLCJhY3Rpb24iOiJERUxFVEUiLCJ0eXBlIjpudWxsLCJkaWFtZXRlciI6bnVsbCwiZ2VvbWV0cnkiOm51bGx9,2026-08-12 17:35:06.404172
20,eyJvYmplY3RfaWQiOiI1NTBlODQwMC1lMjliLTQxZDQtYTcxNi00NDY2NTU0NDAwMDEiLCJhY3Rpb24iOm51bGwsInR5cGUiOiJXIiwiZGlhbWV0ZXIiOjM4OS4yLCJnZW9tZXRyeSI6IkxJTkVTVFJJTkcgKDM1NjcwIDIxNjQwLCAzNjU0MCAyMjU4MCkifQ==,2026-08-12 17:35:06.404186
21,eyJvYmplY3RfaWQiOiI1NTBlODQwMC1lMjliLTQxZDQtYTcxNi00NDY2NTU0NDAwMDIiLCJhY3Rpb24iOm51bGwsInR5cGUiOiJHIiwiZGlhbWV0ZXIiOjk0Mi41LCJnZW9tZXRyeSI6Ik1VTFRJTElORVNUUklORyAoKDQwMjEwIDI3NjQwLCA0MTE4MCAyODQyMCksICg0MTg5MCAyOTAxMCwgNDI3NjAgMjk3ODApKSJ9,2026-08-12 17:35:06.404201
22,eyJvYmplY3RfaWQiOiI1NTBlODQwMC1lMjliLTQxZDQtYTcxNi00NDY2NTU0NDAwMDMiLCJhY3Rpb24iOm51bGwsInR5cGUiOiJFIiwiZGlhbWV0ZXIiOjUyLjgsImdlb21ldHJ5IjoiTElORVNUUklORyAoNDg0MjAgMzg1NjAsIDQ3NTEwIDM3NzIwKSJ9,2026-08-12 17:35:06.404226
23,eyJvYmplY3RfaWQiOiI1NTBlODQwMC1lMjliLTQxZDQtYTcxNi00NDY2NTU0NDAwMDQiLCJhY3Rpb24iOm51bGwsInR5cGUiOiJUIiwiZGlhbWV0ZXIiOjczMS42LCJnZW9tZXRyeSI6IkxJTkVTVFJJTkcgKDMxOTgwIDM0NzIwLCAzMzE0MCAzNTU4MCwgMzQyMjAgMzQ5MTApIn0=,2026-08-12 17:35:06.404253
24,eyJvYmplY3RfaWQiOiI1NTBlODQwMC1lMjliLTQxZDQtYTcxNi00NDY2NTU0NDAwMDUiLCJhY3Rpb24iOm51bGwsInR5cGUiOiJTIiwiZGlhbWV0ZXIiOjIxNi40LCJnZW9tZXRyeSI6IkxJTkVTVFJJTkcgKDM2NzQwIDMxOTIwLCAzNzk4MCAzMjc0MCkifQ==,2026-08-12 17:35:06.404276
25,eyJvYmplY3RfaWQiOiI1NTBlODQwMC1lMjliLTQxZDQtYTcxNi00NDY2NTU0NDAwMDYiLCJhY3Rpb24iOiJERUxFVEUiLCJ0eXBlIjpudWxsLCJkaWFtZXRlciI6bnVsbCwiZ2VvbWV0cnkiOm51bGx9,2026-08-12 17:35:06.404340
26,eyJvYmplY3RfaWQiOiI1NTBlODQwMC1lMjliLTQxZDQtYTcxNi00NDY2NTU0NDAwMDciLCJhY3Rpb24iOm51bGwsInR5cGUiOiJXIiwiZGlhbWV0ZXIiOjQ5OC4zLCJnZW9tZXRyeSI6Ik1VTFRJTElORVNUUklORyAoKDQyNTYwIDIyNDgwLCA0MzUyMCAyMzIxMCksICg0NDEzMCAyMzk0MCwgNDQ5ODAgMjQ3NjApKSJ9,2026-08-12 17:35:06.404370
27,eyJvYmplY3RfaWQiOiI1NTBlODQwMC1lMjliLTQxZDQtYTcxNi00NDY2NTU0NDAwMDgiLCJhY3Rpb24iOm51bGwsInR5cGUiOiJHIiwiZGlhbWV0ZXIiOjE2NC45LCJnZW9tZXRyeSI6IkxJTkVTVFJJTkcgKDMwODcwIDI2ODQwLCAzMjA0MCAyNzcyMCkifQ==,2026-08-12 17:35:06.404433
28,eyJvYmplY3RfaWQiOiI1NTBlODQwMC1lMjliLTQxZDQtYTcxNi00NDY2NTU0NDAwMDkiLCJhY3Rpb24iOm51bGwsInR5cGUiOiJFIiwiZGlhbWV0ZXIiOjg1Ni43LCJnZW9tZXRyeSI6IkxJTkVTVFJJTkcgKDQ1MzIwIDMxMjQwLCA0NjQ4MCAzMjAxMCwgNDc1NjAgMzE1ODApIn0=,2026-08-12 17:35:06.404500
29,eyJvYmplY3RfaWQiOiI1NTBlODQwMC1lMjliLTQxZDQtYTcxNi00NDY2NTU0NDAwMTAiLCJhY3Rpb24iOm51bGwsInR5cGUiOiJUIiwiZGlhbWV0ZXIiOjMyNy41LCJnZW9tZXRyeSI6IkxJTkVTVFJJTkcgKDM4NjIwIDM5MzQwLCAzOTc4MCAzODQ2MCkifQ==,2026-08-12 17:35:06.404603
30,eyJvYmplY3RfaWQiOiI1NTBlODQwMC1lMjliLTQxZDQtYTcxNi00NDY2NTU0NDAwMDEiLCJhY3Rpb24iOm51bGwsInR5cGUiOiJTIiwiZGlhbWV0ZXIiOjY4OS4xLCJnZW9tZXRyeSI6Ik1VTFRJTElORVNUUklORyAoKDM0MzIwIDI5MjQwLCAzNTE4MCAzMDExMCksICgzNTg0MCAzMDc2MCwgMzY3MjAgMzE1MjApKSJ9,2026-08-12 17:35:06.404667
31,eyJvYmplY3RfaWQiOiI1NTBlODQwMC1lMjliLTQxZDQtYTcxNi00NDY2NTU0NDAwMDIiLCJhY3Rpb24iOm51bGwsInR5cGUiOiJXIiwiZGlhbWV0ZXIiOjk0LjYsImdlb21ldHJ5IjoiTElORVNUUklORyAoNDExMjAgMzQ2ODAsIDQyMjQwIDM1NTQwKSJ9,2026-08-12 17:35:06.404700
32,eyJvYmplY3RfaWQiOiI1NTBlODQwMC1lMjliLTQxZDQtYTcxNi00NDY2NTU0NDAwMDMiLCJhY3Rpb24iOiJERUxFVEUiLCJ0eXBlIjpudWxsLCJkaWFtZXRlciI6bnVsbCwiZ2VvbWV0cnkiOm51bGx9,2026-08-12 17:35:06.404727
33,eyJvYmplY3RfaWQiOiI1NTBlODQwMC1lMjliLTQxZDQtYTcxNi00NDY2NTU0NDAwMDQiLCJhY3Rpb24iOm51bGwsInR5cGUiOiJHIiwiZGlhbWV0ZXIiOjU3My4yLCJnZW9tZXRyeSI6IkxJTkVTVFJJTkcgKDQ3NjIwIDI2MTQwLCA0ODY4MCAyNzAyMCkifQ==,2026-08-12 17:35:06.404784
34,eyJvYmplY3RfaWQiOiI1NTBlODQwMC1lMjliLTQxZDQtYTcxNi00NDY2NTU0NDAwMDUiLCJhY3Rpb24iOm51bGwsInR5cGUiOiJFIiwiZGlhbWV0ZXIiOjQ0NS43LCJnZW9tZXRyeSI6Ik1VTFRJTElORVNUUklORyAoKDMyODQwIDM3MjYwLCAzMzkyMCAzNjU0MCksICgzNDYxMCAzNTgyMCwgMzU1ODAgMzYzOTApKSJ9,2026-08-12 17:35:06.404815
35,eyJvYmplY3RfaWQiOiI1NTBlODQwMC1lMjliLTQxZDQtYTcxNi00NDY2NTU0NDAwMDYiLCJhY3Rpb24iOm51bGwsInR5cGUiOiJUIiwiZGlhbWV0ZXIiOjgxMi4zLCJnZW9tZXRyeSI6IkxJTkVTVFJJTkcgKDM5ODQwIDIzODIwLCA0MDkyMCAyNDcxMCwgNDIwMzAgMjQxNjApIn0=,2026-08-12 17:35:06.404884
36,eyJvYmplY3RfaWQiOiI1NTBlODQwMC1lMjliLTQxZDQtYTcxNi00NDY2NTU0NDAwMDciLCJhY3Rpb24iOm51bGwsInR5cGUiOiJTIiwiZGlhbWV0ZXIiOjM1LjcsImdlb21ldHJ5IjoiTElORVNUUklORyAoMzYyMTAgMzM5NDAsIDM3MTgwIDM0NzIwKSJ9,2026-08-12 17:35:06.407583
37,eyJvYmplY3RfaWQiOiI1NTBlODQwMC1lMjliLTQxZDQtYTcxNi00NDY2NTU0NDAwMDgiLCJhY3Rpb24iOm51bGwsInR5cGUiOiJXIiwiZGlhbWV0ZXIiOjYyNC44LCJnZW9tZXRyeSI6IkxJTkVTVFJJTkcgKDQzOTIwIDI5NDYwLCA0NTAxMCAzMDMyMCkifQ==,2026-08-12 17:35:06.407704
38,eyJvYmplY3RfaWQiOiI1NTBlODQwMC1lMjliLTQxZDQtYTcxNi00NDY2NTU0NDAwMDkiLCJhY3Rpb24iOm51bGwsInR5cGUiOiJHIiwiZGlhbWV0ZXIiOjI3Ni41LCJnZW9tZXRyeSI6Ik1VTFRJTElORVNUUklORyAoKDMwNDgwIDMxODIwLCAzMTQ2MCAzMjY5MCksICgzMjEyMCAzMzM0MCwgMzMwODAgMzQwMTApKSJ9,2026-08-12 17:35:06.407743
39,eyJvYmplY3RfaWQiOiI1NTBlODQwMC1lMjliLTQxZDQtYTcxNi00NDY2NTU0NDAwMTAiLCJhY3Rpb24iOiJERUxFVEUiLCJ0eXBlIjpudWxsLCJkaWFtZXRlciI6bnVsbCwiZ2VvbWV0cnkiOm51bGx9,2026-08-12 17:35:06.407818
40,eyJvYmplY3RfaWQiOiI1NTBlODQwMC1lMjliLTQxZDQtYTcxNi00NDY2NTU0NDAwMDEiLCJhY3Rpb24iOm51bGwsInR5cGUiOiJFIiwiZGlhbWV0ZXIiOjk4OC4yLCJnZW9tZXRyeSI6IkxJTkVTVFJJTkcgKDQ2NjIwIDM2OTQwLCA0Nzc4MCAzNzcyMCkifQ==,2026-08-12 17:35:06.407894
41,eyJvYmplY3RfaWQiOiI1NTBlODQwMC1lMjliLTQxZDQtYTcxNi00NDY2NTU0NDAwMDIiLCJhY3Rpb24iOm51bGwsInR5cGUiOiJUIiwiZGlhbWV0ZXIiOjE0Mi42LCJnZW9tZXRyeSI6IkxJTkVTVFJJTkcgKDM0ODIwIDIzMzYwLCAzNTk0MCAyNDE4MCkifQ==,2026-08-12 17:35:06.407961
42,eyJvYmplY3RfaWQiOiI1NTBlODQwMC1lMjliLTQxZDQtYTcxNi00NDY2NTU0NDAwMDMiLCJhY3Rpb24iOm51bGwsInR5cGUiOiJTIiwiZGlhbWV0ZXIiOjUxOS40LCJnZW9tZXRyeSI6Ik1VTFRJTElORVNUUklORyAoKDM4MzIwIDI2NzQwLCAzOTM4MCAyNzUxMCksICgzOTkyMCAyODE4MCwgNDA4NDAgMjg5MjApKSJ9,2026-08-12 17:35:06.408031
43,eyJvYmplY3RfaWQiOiI1NTBlODQwMC1lMjliLTQxZDQtYTcxNi00NDY2NTU0NDAwMDQiLCJhY3Rpb24iOm51bGwsInR5cGUiOiJXIiwiZGlhbWV0ZXIiOjYzLjEsImdlb21ldHJ5IjoiTElORVNUUklORyAoNDIwMjAgMzA4NDAsIDQzMTgwIDMxNjIwKSJ9,2026-08-12 17:35:06.408065
44,eyJvYmplY3RfaWQiOiI1NTBlODQwMC1lMjliLTQxZDQtYTcxNi00NDY2NTU0NDAwMDUiLCJhY3Rpb24iOm51bGwsInR5cGUiOiJHIiwiZGlhbWV0ZXIiOjM2Ny44LCJnZW9tZXRyeSI6IkxJTkVTVFJJTkcgKDQ1NzIwIDI4MjQwLCA0Njg0MCAyOTA2MCwgNDc5MjAgMjg1MTApIn0=,2026-08-12 17:35:06.408127
45,eyJvYmplY3RfaWQiOiI1NTBlODQwMC1lMjliLTQxZDQtYTcxNi00NDY2NTU0NDAwMDYiLCJhY3Rpb24iOm51bGwsInR5cGUiOiJFIiwiZGlhbWV0ZXIiOjc1NC42LCJnZW9tZXRyeSI6IkxJTkVTVFJJTkcgKDMxMDQwIDM4NTIwLCAzMjE4MCAzNzY0MCkifQ==,2026-08-12 17:35:06.408159
46,eyJvYmplY3RfaWQiOiI1NTBlODQwMC1lMjliLTQxZDQtYTcxNi00NDY2NTU0NDAwMDciLCJhY3Rpb24iOiJERUxFVEUiLCJ0eXBlIjpudWxsLCJkaWFtZXRlciI6bnVsbCwiZ2VvbWV0cnkiOm51bGx9,2026-08-12 17:35:06.408221
47,eyJvYmplY3RfaWQiOiI1NTBlODQwMC1lMjliLTQxZDQtYTcxNi00NDY2NTU0NDAwMDgiLCJhY3Rpb24iOm51bGwsInR5cGUiOiJUIiwiZGlhbWV0ZXIiOjI4My45LCJnZW9tZXRyeSI6IkxJTkVTVFJJTkcgKDM3MTIwIDI1MjQwLCAzODI2MCAyNjA4MCkifQ==,2026-08-12 17:35:06.408288
48,eyJvYmplY3RfaWQiOiI1NTBlODQwMC1lMjliLTQxZDQtYTcxNi00NDY2NTU0NDAwMDkiLCJhY3Rpb24iOm51bGwsInR5cGUiOiJTIiwiZGlhbWV0ZXIiOjY0Ny41LCJnZW9tZXRyeSI6Ik1VTFRJTElORVNUUklORyAoKDQzMjQwIDM1MjgwLCA0NDI4MCAzNjAyMCksICg0NDkxMCAzNjY4MCwgNDU4MjAgMzczNDApKSJ9,2026-08-12 17:35:06.408314
49,eyJvYmplY3RfaWQiOiI1NTBlODQwMC1lMjliLTQxZDQtYTcxNi00NDY2NTU0NDAwMTAiLCJhY3Rpb24iOm51bGwsInR5cGUiOiJXIiwiZGlhbWV0ZXIiOjE5OS44LCJnZW9tZXRyeSI6IkxJTkVTVFJJTkcgKDQ5MTIwIDIyNDYwLCA0ODI0MCAyMzI4MCkifQ==,2026-08-12 17:35:06.408332
